Test,Statistic,p-value,Effect size,Significant (a=0.05)
Mann-Whitney U (Fear vs Greed PnL),924879139.5,0.6261828451567097,0.001919085044793989,False
Welch's t-test (Fear vs Greed PnL),-0.3938404169643592,0.6936998662250462,,False
Chi-square (Direction x Sentiment),13604.77992610264,0.0,0.1794590232322529,True
Pearson (Sentiment value vs daily PnL),-0.08264200129021727,0.0707505897336035,-0.08264200129021727,False
Spearman (Sentiment value vs daily PnL),0.039844129237169096,0.38424657405736784,0.039844129237169096,False
Kruskal-Wallis (5-way PnL),735.6525419091271,6.6359342304040975e-158,0.007004006642694253,True
