sentiment_simple,mean,median,std,skew,p1,p99
Fear,101.838890439102,6.35076,1423.5386475469081,47.23983278537162,-561.4438183599999,2151.7452767999953
Greed,105.5929460809098,6.469755,1365.653816651551,-5.508006799578669,-274.6310715,2004.80579
Neutral,71.16472234423162,4.578455,743.0304337731536,22.440613518982392,-359.1453878099999,1432.8152874199952
